major_category,middle_category,item_name,cpi_code,cpi_raw_name,kakei_code,is_matched
穀類,米類,うるち米,1001,1001 うるち米Ａ,,False
穀類,米類,うるち米,1002,1002 うるち米Ｂ,,False
穀類,パン,食パン,1021,1021 食パン,010120010,True
穀類,パン,あんパン,1022,1022 あんパン,,False
穀類,パン,カレーパン,1023,1023 カレーパン,,False
穀類,麺類,ゆでうどん,1031,1031 ゆでうどん,,False
穀類,麺類,そうめん,1041,1041 そうめん,,False
穀類,麺類,スパゲッティ,1042,1042 スパゲッティ,,False
穀類,麺類,カップ麺,1051,1051 カップ麺,010130050,True
穀類,麺類,中華麺,1052,1052 中華麺,010130040,True
穀類,他の穀類,小麦粉,1071,1071 小麦粉,010140010,True
穀類,他の穀類,もち,1081,1081 もち,010140020,True
穀類,他の穀類,シリアル,1090,1090 シリアル,,False
魚介類,生鮮魚介,まぐろ,1101,1101 まぐろ,010211010,True
魚介類,生鮮魚介,あじ,1102,1102 あじ,010211020,True
魚介類,生鮮魚介,いわし,1103,1103 いわし,010211030,True
魚介類,生鮮魚介,かつお,1104,1104 かつお,010211040,True
魚介類,生鮮魚介,さけ,1106,1106 さけ,010211060,True
魚介類,生鮮魚介,さば,1107,1107 さば,010211070,True
魚介類,生鮮魚介,さんま,1108,1108 さんま,010211080,True
魚介類,生鮮魚介,たい,1110,1110 たい,010211090,True
魚介類,生鮮魚介,ぶり,1111,1111 ぶり,010211100,True
魚介類,生鮮魚介,いか,1112,1112 いか,010211110,True
魚介類,生鮮魚介,たこ,1113,1113 たこ,010211120,True
魚介類,生鮮魚介,えび,1114,1114 えび,010211130,True
魚介類,生鮮魚介,あさり,1131,1131 あさり,010212010,True
魚介類,生鮮魚介,かき,1132,1132 かき（貝）,010212030,True
魚介類,生鮮魚介,ほたて貝,1133,1133 ほたて貝,010212040,True
魚介類,塩干魚介,塩さけ,1141,1141 塩さけ,010220010,True
魚介類,塩干魚介,たらこ,1142,1142 たらこ,010220020,True
魚介類,塩干魚介,しらす干し,1143,1143 しらす干し,010220030,True
魚介類,塩干魚介,干しあじ,1144,1144 干しあじ,010220040,True
魚介類,塩干魚介,煮干し,1146,1146 煮干し,,False
魚介類,塩干魚介,ししゃも,1150,1150 ししゃも,,False
魚介類,塩干魚介,いくら,1167,1167 いくら,,False
魚介類,魚肉練製品,揚げかまぼこ,1151,1151 揚げかまぼこ,010230010,True
魚介類,魚肉練製品,ちくわ,1152,1152 ちくわ,010230020,True
魚介類,魚肉練製品,かまぼこ,1153,1153 かまぼこ,010230030,True
魚介類,他の魚介加工品,かつお節,1161,1161 かつお節,010211040,True
魚介類,他の魚介加工品,魚介漬物,1165,1165 魚介漬物,,False
魚介類,他の魚介加工品,魚介つくだ煮,1166,1166 魚介つくだ煮,,False
魚介類,他の魚介加工品,魚介缶詰,1173,1173 魚介缶詰,,False
肉類,生鮮肉,牛肉,1201,1201 牛肉（国産品）,010310010,True
肉類,生鮮肉,牛肉,1203,1203 牛肉（輸入品）,010310010,True
肉類,生鮮肉,豚肉,1211,1211 豚肉（国産品）,010310020,True
肉類,生鮮肉,豚肉,1214,1214 豚肉（輸入品）,010310020,True
肉類,生鮮肉,鶏肉,1221,1221 鶏肉,010310030,True
肉類,加工肉,ハム,1252,1252 ハム,010320010,True
肉類,加工肉,ソーセージ,1261,1261 ソーセージ,010320020,True
肉類,加工肉,ベーコン,1271,1271 ベーコン,010320030,True
肉類,加工肉,味付け肉,1292,1292 味付け肉,,False
牛乳・乳製品,牛乳,牛乳,1303,1303 牛乳,010410001,True
牛乳・乳製品,乳製品,粉ミルク,1311,1311 粉ミルク,010420010,True
牛乳・乳製品,乳製品,ヨーグルト,1333,1333 ヨーグルト,010420020,True
牛乳・乳製品,乳製品,バター,1321,1321 バター,010420030,True
牛乳・乳製品,乳製品,チーズ,1331,1331 チーズ（国産品）,010420040,True
牛乳・乳製品,乳製品,チーズ,1332,1332 チーズ（輸入品）,010420040,True
乳卵類,卵,鶏卵,1341,1341 鶏卵,,False
野菜・海藻,生鮮野菜,キャベツ,1401,1401 キャベツ,010511010,True
野菜・海藻,生鮮野菜,ほうれんそう,1402,1402 ほうれんそう,010511020,True
野菜・海藻,生鮮野菜,はくさい,1403,1403 はくさい,010511030,True
野菜・海藻,生鮮野菜,ねぎ,1405,1405 ねぎ,010511040,True
野菜・海藻,生鮮野菜,レタス,1406,1406 レタス,010511050,True
野菜・海藻,生鮮野菜,ブロッコリー,1409,1409 ブロッコリー,010511060,True
野菜・海藻,生鮮野菜,もやし,1407,1407 もやし,010511070,True
野菜・海藻,生鮮野菜,アスパラガス,1410,1410 アスパラガス,,False
野菜・海藻,生鮮野菜,さつまいも,1411,1411 さつまいも,010512010,True
野菜・海藻,生鮮野菜,じゃがいも,1412,1412 じゃがいも,010512020,True
野菜・海藻,生鮮野菜,さといも,1413,1413 さといも,010512030,True
野菜・海藻,生鮮野菜,だいこん,1414,1414 だいこん,010512040,True
野菜・海藻,生鮮野菜,にんじん,1415,1415 にんじん,010512050,True
野菜・海藻,生鮮野菜,ごぼう,1416,1416 ごぼう,010512060,True
野菜・海藻,生鮮野菜,たまねぎ,1417,1417 たまねぎ,010512070,True
野菜・海藻,生鮮野菜,れんこん,1419,1419 れんこん,010512080,True
野菜・海藻,生鮮野菜,ながいも,1420,1420 ながいも,,False
野菜・海藻,生鮮野菜,しょうが,1421,1421 しょうが,,False
野菜・海藻,生鮮野菜,えだまめ,1430,1430 えだまめ,,False
野菜・海藻,生鮮野菜,さやいんげん,1432,1432 さやいんげん,,False
野菜・海藻,生鮮野菜,かぼちゃ,1433,1433 かぼちゃ,010513020,True
野菜・海藻,生鮮野菜,きゅうり,1434,1434 きゅうり,010513030,True
野菜・海藻,生鮮野菜,なす,1435,1435 なす,010513040,True
野菜・海藻,生鮮野菜,トマト,1436,1436 トマト,010513050,True
野菜・海藻,生鮮野菜,ピーマン,1437,1437 ピーマン,010513060,True
野菜・海藻,生鮮野菜,生しいたけ,1438,1438 生しいたけ,010513070,True
野菜・海藻,生鮮野菜,えのきたけ,1442,1442 えのきたけ,010513090,True
野菜・海藻,生鮮野菜,しめじ,1443,1443 しめじ,010513080,True
野菜・海藻,生鮮野菜,カット野菜,1444,1444 カット野菜,,False
乾物・加工品類,乾物・海藻,干ししいたけ,1453,1453 干ししいたけ,010520020,True
乾物・加工品類,乾物・海藻,干しのり,1461,1461 干しのり,010520030,True
乾物・加工品類,乾物・海藻,わかめ,1462,1462 わかめ,010520040,True
乾物・加工品類,乾物・海藻,こんぶ,1463,1463 こんぶ,010520050,True
乾物・加工品類,乾物・海藻,ひじき,1464,1464 ひじき,,False
乾物・加工品類,大豆加工品,豆腐,1471,1471 豆腐,010530010,True
乾物・加工品類,大豆加工品,油揚げ,1472,1472 油揚げ,010530020,True
乾物・加工品類,大豆加工品,納豆,1473,1473 納豆,010530030,True
乾物・加工品類,他の野菜・海藻加工品,こんにゃく,1481,1481 こんにゃく,010540010,True
乾物・加工品類,他の野菜・海藻加工品,梅干し,1482,1482 梅干し,010540020,True
乾物・加工品類,他の野菜・海藻加工品,だいこん漬,1483,1483 だいこん漬,010540030,True
乾物・加工品類,他の野菜・海藻加工品,はくさい漬,1486,1486 はくさい漬,010540040,True
乾物・加工品類,他の野菜・海藻加工品,キムチ,1487,1487 キムチ,,False
乾物・加工品類,他の野菜・海藻加工品,こんぶつくだ煮,1485,1485 こんぶつくだ煮,010540060,True
乾物・加工品類,他の野菜・海藻加工品,野菜缶詰,1491,1491 野菜缶詰,,False
果物,生鮮果物,りんご,1502,1502 りんご,010610010,True
果物,生鮮果物,みかん,1511,1511 みかん,010610020,True
果物,生鮮果物,オレンジ,1515,1515 オレンジ,010610040,True
果物,生鮮果物,しらぬひ,1517,1517 しらぬひ,,False
果物,生鮮果物,梨,1521,1521 梨,010610060,True
果物,生鮮果物,ぶどう,1531,1531 ぶどうＡ,010610070,True
果物,生鮮果物,ぶどう,1532,1532 ぶどうＢ,010610070,True
果物,生鮮果物,柿,1541,1541 柿,010610080,True
果物,生鮮果物,桃,1551,1551 桃,010610090,True
果物,生鮮果物,すいか,1561,1561 すいか,010610100,True
果物,生鮮果物,メロン,1563,1563 メロン,010610110,True
果物,生鮮果物,いちご,1571,1571 いちご,010610120,True
果物,生鮮果物,バナナ,1581,1581 バナナ,010610130,True
果物,生鮮果物,キウイフルーツ,1582,1582 キウイフルーツ,010610140,True
果物,生鮮果物,さくらんぼ,1572,1572 さくらんぼ,,False
果物,生鮮果物,アボカド,1583,1583 アボカド,,False
果物,果物加工品,ナッツ,1594,1594 ナッツ,,False
油脂・調味料,油脂,食用油,1601,1601 食用油,010710010,True
油脂・調味料,油脂,マーガリン,1602,1602 マーガリン,010710020,True
油脂・調味料,調味料,食塩,1611,1611 食塩,010720010,True
油脂・調味料,調味料,しょう油,1621,1621 しょう油,010720020,True
油脂・調味料,調味料,みそ,1631,1631 みそ,010720030,True
油脂・調味料,調味料,砂糖,1632,1632 砂糖,010720040,True
油脂・調味料,調味料,酢,1633,1633 酢,010720050,True
油脂・調味料,調味料,ソース,1641,1641 ソース,010720060,True
油脂・調味料,調味料,ケチャップ,1642,1642 ケチャップ,010720070,True
油脂・調味料,調味料,マヨネーズ,1643,1643 マヨネーズ,010720080,True
油脂・調味料,調味料,ドレッシング,1645,1645 ドレッシング,010720090,True
油脂・調味料,調味料,ジャム,1644,1644 ジャム,010720100,True
油脂・調味料,調味料,カレールウ,1652,1652 カレールウ,010720110,True
油脂・調味料,調味料,乾燥スープ,1653,1653 乾燥スープ,010720120,True
油脂・調味料,調味料,風味調味料,1654,1654 風味調味料,010720130,True
油脂・調味料,調味料,ふりかけ,1656,1656 ふりかけ,010720140,True
油脂・調味料,調味料,たれ,1655,1655 たれ,010720150,True
油脂・調味料,調味料,つゆ,1659,1659 つゆ,010720150,True
油脂・調味料,調味料,合わせ調味料,1657,1657 合わせ調味料,,False
油脂・調味料,調味料,パスタソース,1658,1658 パスタソース,010130030,True
食料,菓子類,ようかん,1701,1701 ようかん,010800010,True
食料,菓子類,まんじゅう,1702,1702 まんじゅう,010800020,True
食料,菓子類,だいふく餅,1703,1703 だいふく餅,,False
食料,菓子類,カステラ,1711,1711 カステラ,010800040,True
食料,菓子類,ケーキ,1712,1712 ケーキ,010800050,True
食料,菓子類,ゼリー,1784,1784 ゼリー,010800060,True
食料,菓子類,プリン,1714,1714 プリン,010800070,True
食料,菓子類,シュークリーム,1713,1713 シュークリーム,,False
食料,菓子類,ロールケーキ,1715,1715 ロールケーキ,010800050,True
食料,菓子類,せんべい,1741,1741 せんべい,010800090,True
食料,菓子類,ビスケット,1721,1721 ビスケット,010800100,True
食料,菓子類,ポテトチップス,1783,1783 ポテトチップス,,False
食料,菓子類,キャンデー,1732,1732 キャンデー,010800120,True
食料,菓子類,チョコレート,1761,1761 チョコレート,010800130,True
食料,菓子類,アイスクリーム,1782,1782 アイスクリーム,010800150,True
食料,菓子類,落花生,1772,1772 落花生,,False
食料,菓子類,チューインガム,1781,1781 チューインガム,,False
調理食品,主食的調理食品,すし,1795,1795 すし（弁当）Ａ,011211040,True
調理食品,主食的調理食品,すし,1798,1798 すし（弁当）Ｂ,011211040,True
調理食品,主食的調理食品,弁当,1791,1791 弁当Ａ,010910010,True
調理食品,主食的調理食品,弁当,1797,1797 弁当Ｂ,010910010,True
調理食品,主食的調理食品,おにぎり,1793,1793 おにぎり,010910030,True
調理食品,主食的調理食品,調理パン,1792,1792 調理パン,010910040,True
調理食品,主食的調理食品,冷凍米飯,1794,1794 冷凍米飯,,False
調理食品,主食的調理食品,調理パスタ,1796,1796 調理パスタ,010130030,True
調理食品,主食的調理食品,調理ピザ,1799,1799 調理ピザ,,False
調理食品,主食的調理食品,無菌包装米飯,1790,1790 無菌包装米飯,,False
調理食品,他の調理食品,うなぎかば焼き,1801,1801 うなぎかば焼き,,False
調理食品,他の調理食品,サラダ,1811,1811 サラダ,010920020,True
調理食品,他の調理食品,コロッケ,1821,1821 コロッケ,010920030,True
調理食品,他の調理食品,豚カツ,1831,1831 豚カツ,,False
調理食品,他の調理食品,からあげ,1842,1842 からあげ,,False
調理食品,他の調理食品,ぎょうざ,1881,1881 ぎょうざ,010920070,True
調理食品,他の調理食品,やきとり,1843,1843 やきとり,010920080,True
調理食品,他の調理食品,ハンバーグ,1844,1844 ハンバーグ,010920090,True
調理食品,他の調理食品,冷凍調理コロッケ,1851,1851 冷凍調理コロッケ,010920030,True
調理食品,他の調理食品,冷凍調理ハンバーグ,1852,1852 冷凍調理ハンバーグ,010920090,True
調理食品,他の調理食品,冷凍ぎょうざ,1853,1853 冷凍ぎょうざ,010920070,True
調理食品,他の調理食品,調理カレー,1871,1871 調理カレー,,False
調理食品,他の調理食品,混ぜごはんのもと,1891,1891 混ぜごはんのもと,,False
調理食品,他の調理食品,煮豆,1812,1812 煮豆,,False
調理食品,他の調理食品,焼き魚,1802,1802 焼き魚,,False
調理食品,他の調理食品,きんぴら,1813,1813 きんぴら,,False
調理食品,他の調理食品,焼豚,1814,1814 焼豚,,False
調理食品,他の調理食品,サラダチキン,1892,1892 サラダチキン,010920020,True
調理食品,他の調理食品,おでん,1893,1893 おでん,,False
飲料,茶類,緑茶,1902,1902 緑茶,011010010,True
飲料,茶類,紅茶,1911,1911 紅茶,011010020,True
飲料,茶類,茶飲料,1914,1914 茶飲料,011010040,True
飲料,コーヒー・ココア,インスタントコーヒー,1921,1921 インスタントコーヒー,011020010,True
飲料,コーヒー・ココア,コーヒー豆,1922,1922 コーヒー豆,011020010,True
飲料,コーヒー・ココア,コーヒー飲料,1923,1923 コーヒー飲料Ａ,011020020,True
飲料,コーヒー・ココア,コーヒー飲料,1924,1924 コーヒー飲料Ｂ,011020020,True
飲料,他の飲料,果実ジュース,1930,1930 果実ジュース,,False
飲料,他の飲料,果汁入り飲料,1931,1931 果汁入り飲料,,False
飲料,他の飲料,野菜ジュース,1941,1941 野菜ジュース,011030010,True
飲料,他の飲料,炭酸飲料,1951,1951 炭酸飲料,011030020,True
飲料,他の飲料,ノンアルコールビール,1952,1952 ノンアルコールビール,,False
飲料,他の飲料,乳酸菌飲料,1972,1972 乳酸菌飲料,011030030,True
飲料,他の飲料,ミネラルウォーター,1982,1982 ミネラルウォーター,011030050,True
飲料,他の飲料,宅配水,1984,1984 宅配水,,False
飲料,他の飲料,スポーツドリンク,1981,1981 スポーツドリンク,011030060,True
飲料,他の飲料,豆乳,1983,1983 豆乳,,False
食料,酒類,清酒,2003,2003 清酒,011100010,True
食料,酒類,焼酎,2011,2011 焼酎,011100020,True
食料,酒類,ビール,2021,2021 ビール,011100030,True
食料,酒類,発泡酒,2026,2026 発泡酒,011100060,True
食料,酒類,ウイスキー,2033,2033 ウイスキー,011100040,True
食料,酒類,ワイン,2041,2041 ワイン（国産品）,011100050,True
食料,酒類,ワイン,2042,2042 ワイン（輸入品）,011100050,True
食料,酒類,チューハイ,2012,2012 チューハイ,011100070,True
食料,酒類,ビール風アルコール飲料,2027,2027 ビール風アルコール飲料,011100060,True
外食,一般外食,うどん,2101,2101 うどん（外食）,010130010,True
外食,一般外食,日本そば,2103,2103 日本そば（外食）,011211010,True
外食,一般外食,中華そば,2102,2102 中華そば（外食）,011211020,True
外食,一般外食,スパゲッティ,2112,2112 スパゲッティ（外食）,,False
外食,一般外食,すし,2123,2123 すし（外食）Ａ,011211040,True
外食,一般外食,すし,2121,2121 すし（外食）Ｂ,011211040,True
外食,一般外食,天丼,2132,2132 天丼（外食）,,False
外食,一般外食,カレーライス,2133,2133 カレーライス（外食）,,False
外食,一般外食,牛丼,2136,2136 牛丼（外食）,,False
外食,一般外食,豚カツ定食,2142,2142 豚カツ定食（外食）,,False
外食,一般外食,しょうが焼き定食,2146,2146 しょうが焼き定食（外食）,,False
外食,一般外食,フライドチキン,2164,2164 フライドチキン（外食）,,False
外食,一般外食,ぎょうざ,2134,2134 ぎょうざ（外食）,010920070,True
外食,一般外食,ハンバーグ,2141,2141 ハンバーグ（外食）,010920090,True
外食,一般外食,焼肉,2145,2145 焼肉（外食）,011211080,True
外食,一般外食,ハンバーガー,2135,2135 ハンバーガー（外食）,011211090,True
外食,一般外食,サンドイッチ,2161,2161 サンドイッチ（外食）,,False
外食,一般外食,ピザ,2144,2144 ピザ（配達）,,False
外食,一般外食,ドーナツ,2163,2163 ドーナツ（外食）,,False
外食,一般外食,コーヒー,2162,2162 コーヒー（外食）Ａ,011020010,True
外食,一般外食,コーヒー,2165,2165 コーヒー（外食）Ｂ,011020010,True
外食,一般外食,ビール,2171,2171 ビール（外食）,011100030,True
外食,一般外食,やきとり,2172,2172 やきとり（外食）,010920080,True
外食,学校給食,学校給食,2182,2182 学校給食（小学校）,011220001,True
外食,学校給食,学校給食,2183,2183 学校給食（中学校）,011220001,True
家賃,民営家賃,民営家賃,3000,3000 民営家賃,020100010,True
家賃,公営・都市再生機構・公社家賃,公営家賃,3016,3016 公営家賃,020100020,True
家賃,公営・都市再生機構・公社家賃,都市再生機構・公社家賃,3017,3017 都市再生機構・公社家賃,,False
家賃,持家の帰属家賃,持家の帰属家賃,3030,3030 持家の帰属家賃,,False
設備修繕・維持,設備材料,システムバス,3101,3101 システムバス,,False
設備修繕・維持,設備材料,温水洗浄便座,3103,3103 温水洗浄便座,,False
設備修繕・維持,設備材料,給湯器,3104,3104 給湯器,,False
設備修繕・維持,設備材料,システムキッチン,3105,3105 システムキッチン,,False
設備修繕・維持,設備材料,カーポート,3106,3106 カーポート,,False
設備修繕・維持,設備材料,修繕材料,3121,3121 修繕材料,020210020,True
設備修繕・維持,工事その他のサービス,畳替え代,3151,3151 畳替え代,020220010,True
設備修繕・維持,工事その他のサービス,水道工事費,3176,3176 水道工事費,,False
設備修繕・維持,工事その他のサービス,塀工事費,3175,3175 塀工事費,,False
設備修繕・維持,工事その他のサービス,外壁塗装費,3178,3178 外壁塗装費,,False
設備修繕・維持,工事その他のサービス,屋根修理費,3162,3162 屋根修理費,,False
設備修繕・維持,工事その他のサービス,植木職手間代,3174,3174 植木職手間代,,False
設備修繕・維持,工事その他のサービス,ふすま張替費,3171,3171 ふすま張替費,,False
設備修繕・維持,工事その他のサービス,大工手間代,3172,3172 大工手間代,,False
設備修繕・維持,工事その他のサービス,駐車場工事費,3179,3179 駐車場工事費,,False
設備修繕・維持,工事その他のサービス,壁紙張替費,3185,3185 壁紙張替費,,False
設備修繕・維持,工事その他のサービス,火災・地震保険料,3180,3180 火災・地震保険料,020220060,True
光熱・水道,電気代,電気代,3500,3500 電気代,030100000,True
光熱・水道,ガス代,都市ガス代,3600,3600 都市ガス代,030200010,True
光熱・水道,ガス代,プロパンガス,3612,3612 プロパンガス,030200020,True
光熱・水道,他の光熱,灯油,3701,3701 灯油,030300010,True
光熱・水道,上下水道料,水道料,3810,3810 水道料,030400001,True
光熱・水道,上下水道料,下水道料,4610,4610 下水道料,030400001,True
家庭用耐久財,家事用耐久財,電子レンジ,4003,4003 電子レンジ,040110010,True
家庭用耐久財,家事用耐久財,電気炊飯器,4002,4002 電気炊飯器,,False
家庭用耐久財,家事用耐久財,ガステーブル,4011,4011 ガステーブル,,False
家庭用耐久財,家事用耐久財,電気冷蔵庫,4021,4021 電気冷蔵庫,040110040,True
家庭用耐久財,家事用耐久財,電気掃除機,4032,4032 電気掃除機,040110050,True
家庭用耐久財,家事用耐久財,電気洗濯機,4042,4042 電気洗濯機（全自動洗濯機）,040110060,True
家庭用耐久財,家事用耐久財,電気洗濯機,4043,4043 電気洗濯機（洗濯乾燥機）,040110060,True
家庭用耐久財,冷暖房用器具,ルームエアコン,4063,4063 ルームエアコン,040120010,True
家庭用耐久財,冷暖房用器具,温風ヒーター,4072,4072 温風ヒーター,040120020,True
家庭用耐久財,冷暖房用器具,空気清浄機,4075,4075 空気清浄機,,False
家庭用耐久財,一般家具,食堂セット,4092,4092 食堂セット,,False
家庭用耐久財,一般家具,ソファ,4093,4093 ソファ,040130030,True
家庭用耐久財,一般家具,食器戸棚,4083,4083 食器戸棚,040130040,True
家具・家事用品,室内装備品,照明器具,4115,4115 照明器具,040200020,True
家具・家事用品,室内装備品,カーペット,4121,4121 カーペット,,False
家具・家事用品,室内装備品,カーテン,4141,4141 カーテン,040200050,True
家具・家事用品,室内装備品,クッション,4142,4142 クッション,,False
家具・家事用品,寝具類,ベッド,4201,4201 ベッド,040300010,True
家具・家事用品,寝具類,布団,4211,4211 布団,040300020,True
家具・家事用品,寝具類,敷布,4251,4251 敷布,040300040,True
家具・家事用品,寝具類,布団カバー,4271,4271 布団カバー,040300020,True
家具・家事用品,寝具類,敷きパッド,4272,4272 敷きパッド,,False
家事雑貨,食器類,茶わん,4301,4301 茶わん,040400010,True
家事雑貨,食器類,皿,4302,4302 皿,040400010,True
家事雑貨,台所用品,水筒,4326,4326 水筒,,False
家事雑貨,台所用品,鍋,4331,4331 鍋,040400030,True
家事雑貨,台所用品,フライパン,4334,4334 フライパン,,False
家事雑貨,台所用品,スポンジたわし,4342,4342 スポンジたわし,,False
家事雑貨,他の家事雑貨,電球・ランプ,4352,4352 電球・ランプ,040400050,True
家事雑貨,他の家事雑貨,タオル,4361,4361 タオル,040400060,True
家事雑貨,他の家事雑貨,マット,4362,4362 マット,,False
家事雑貨,他の家事雑貨,物干し用ハンガー,4372,4372 物干し用ハンガー,,False
家事雑貨,他の家事雑貨,収納ケース,4373,4373 収納ケース,,False
家事用消耗品,ティシュ・トイレットペーパー,ティシュペーパー,4412,4412 ティシュペーパー,,False
家事用消耗品,ティシュ・トイレットペーパー,トイレットペーパー,4413,4413 トイレットペーパー,040501020,True
家事用消耗品,洗剤,台所用洗剤,4431,4431 台所用洗剤,,False
家事用消耗品,洗剤,洗濯用洗剤,4441,4441 洗濯用洗剤,040502020,True
家事用消耗品,他の家事用消耗品,ラップ,4401,4401 ラップ,040503010,True
家事用消耗品,他の家事用消耗品,ポリ袋,4402,4402 ポリ袋,040503010,True
家事用消耗品,他の家事用消耗品,殺虫剤,4451,4451 殺虫剤,,False
家事用消耗品,他の家事用消耗品,柔軟仕上剤,4442,4442 柔軟仕上剤,040503030,True
家事用消耗品,他の家事用消耗品,芳香・消臭剤,4471,4471 芳香・消臭剤,040503040,True
家事用消耗品,他の家事用消耗品,キッチンペーパー,4403,4403 キッチンペーパー,,False
家事用消耗品,他の家事用消耗品,漂白剤,4472,4472 漂白剤,,False
家事サービス,家事代行料,家事代行料,4501,4501 家事代行料,040600010,True
家事サービス,清掃代,リサイクル料金,4521,4521 リサイクル料金,,False
家事サービス,清掃代,浄化槽清掃代,4515,4515 浄化槽清掃代,040600020,True
家事サービス,他の家事サービス,モップレンタル料,4701,4701 モップレンタル料,,False
衣料,和服,婦人用着物,5011,5011 婦人用着物,,False
衣料,和服,婦人用帯,5041,5041 婦人用帯,,False
洋服,男子用洋服,背広服,5101,5101 背広服（春夏物，中級品）,050210010,True
洋服,男子用洋服,背広服,5103,5103 背広服（春夏物，普通品）,050210010,True
洋服,男子用洋服,背広服,5102,5102 背広服（秋冬物，中級品）,050210010,True
洋服,男子用洋服,背広服,5104,5104 背広服（秋冬物，普通品）,050210010,True
洋服,男子用洋服,男子用上着,5111,5111 男子用上着,050210020,True
洋服,男子用洋服,男子用ズボン,5122,5122 男子用ズボン（春夏物）,050210030,True
洋服,男子用洋服,男子用ズボン,5121,5121 男子用ズボン（秋冬物）,050210030,True
洋服,男子用洋服,男子用ズボン,5123,5123 男子用ズボン（ジーンズ）,050210030,True
洋服,男子用洋服,男子用コート,5131,5131 男子用コート,050210040,True
洋服,男子用洋服,男子用学校制服,5141,5141 男子用学校制服,050210050,True
洋服,婦人用洋服,婦人用スーツ,5166,5166 婦人用スーツ（春夏物，中級品）,,False
洋服,婦人用洋服,婦人用スーツ,5167,5167 婦人用スーツ（春夏物，普通品）,,False
洋服,婦人用洋服,婦人用スーツ,5162,5162 婦人用スーツ（秋冬物，中級品）,,False
洋服,婦人用洋服,婦人用スーツ,5168,5168 婦人用スーツ（秋冬物，普通品）,,False
洋服,婦人用洋服,ワンピース,5161,5161 ワンピース（春夏物）,,False
洋服,婦人用洋服,ワンピース,5163,5163 ワンピース（秋冬物）,,False
洋服,婦人用洋服,婦人用上着,5183,5183 婦人用上着,050220020,True
洋服,婦人用洋服,スカート,5169,5169 スカート（春夏物）,050220030,True
洋服,婦人用洋服,スカート,5172,5172 スカート（秋冬物）,050220030,True
洋服,婦人用洋服,婦人用スラックス,5181,5181 婦人用スラックス（秋冬物）,050220040,True
洋服,婦人用洋服,婦人用スラックス,5179,5179 婦人用スラックス（ジーンズ）,050220040,True
洋服,婦人用洋服,婦人用コート,5182,5182 婦人用コート,050220050,True
洋服,婦人用洋服,女子用学校制服,5184,5184 女子用学校制服,050220060,True
洋服,子供用洋服,子供用ズボン,5195,5195 子供用ズボン（春夏物）,,False
洋服,子供用洋服,子供用ズボン,5196,5196 子供用ズボン（秋冬物）,,False
洋服,子供用洋服,乳児服,5193,5193 乳児服,050230020,True
シャツ・セーター類,男子用シャツ・セーター類,ワイシャツ,5202,5202 ワイシャツ,050310010,True
シャツ・セーター類,男子用シャツ・セーター類,男子用スポーツシャツ,5211,5211 男子用スポーツシャツ（長袖）,130200040,True
シャツ・セーター類,男子用シャツ・セーター類,男子用スポーツシャツ,5212,5212 男子用スポーツシャツ（半袖）,130200040,True
シャツ・セーター類,男子用シャツ・セーター類,男子用セーター,5221,5221 男子用セーター,050310030,True
シャツ・セーター類,婦人用シャツ・セーター類,ブラウス,5231,5231 ブラウス（長袖）,050320010,True
シャツ・セーター類,婦人用シャツ・セーター類,ブラウス,5232,5232 ブラウス（半袖）,050320010,True
シャツ・セーター類,婦人用シャツ・セーター類,婦人用Ｔシャツ,5233,5233 婦人用Ｔシャツ（長袖）,,False
シャツ・セーター類,婦人用シャツ・セーター類,婦人用Ｔシャツ,5234,5234 婦人用Ｔシャツ（半袖）,,False
シャツ・セーター類,婦人用シャツ・セーター類,婦人用セーター,5241,5241 婦人用セーター（長袖）,050320030,True
シャツ・セーター類,婦人用シャツ・セーター類,婦人用セーター,5242,5242 婦人用セーター（半袖）,050320030,True
シャツ・セーター類,子供用シャツ・セーター類,子供用Ｔシャツ,5243,5243 子供用Ｔシャツ（長袖）,,False
シャツ・セーター類,子供用シャツ・セーター類,子供用Ｔシャツ,5244,5244 子供用Ｔシャツ（半袖）,,False
下着類,男子用下着類,男子用シャツ,5301,5301 男子用シャツ（半袖）,050310000,True
下着類,男子用下着類,男子用パンツ,5311,5311 男子用パンツ,,False
下着類,男子用下着類,男子用パジャマ,5331,5331 男子用パジャマ,,False
下着類,婦人用下着類,ブラジャー,5341,5341 ブラジャー,,False
下着類,婦人用下着類,婦人用ショーツ,5351,5351 婦人用ショーツ,,False
下着類,婦人用下着類,ランジェリー,5361,5361 ランジェリー,,False
下着類,子供用下着類,子供用下着,5372,5372 子供用下着,050430010,True
被服及び履物,履物類,男子靴,5601,5601 男子靴,050700030,True
被服及び履物,履物類,婦人靴,5611,5611 婦人靴,050700040,True
被服及び履物,履物類,子供靴,5641,5641 子供靴,,False
被服及び履物,履物類,運動靴,5631,5631 運動靴,050700010,True
被服及び履物,履物類,サンダル,5671,5671 サンダル,050700020,True
被服及び履物,履物類,スリッパ,5652,5652 スリッパ,,False
被服及び履物,他の被服,帽子,5501,5501 帽子,050600010,True
被服及び履物,他の被服,ネクタイ,5511,5511 ネクタイ,050600020,True
被服及び履物,他の被服,マフラー,5572,5572 マフラー,050600030,True
被服及び履物,他の被服,男子用靴下,5521,5521 男子用靴下,050600050,True
被服及び履物,他の被服,婦人用ストッキング,5531,5531 婦人用ストッキング,050600060,True
被服及び履物,他の被服,婦人用ソックス,5541,5541 婦人用ソックス,050600070,True
被服及び履物,他の被服,ベルト,5571,5571 ベルト,,False
被服及び履物,被服関連サービス,クリーニング代,5711,5711 クリーニング代Ａ,,False
被服及び履物,被服関連サービス,クリーニング代,5712,5712 クリーニング代Ｂ,,False
被服及び履物,被服関連サービス,履物修理代,5721,5721 履物修理代,,False
被服及び履物,被服関連サービス,被服賃借料,5731,5731 被服賃借料,050800020,True
保健医療,医薬品・健康保持用摂取品,総合かぜ薬,6001,6001 総合かぜ薬,,False
保健医療,医薬品・健康保持用摂取品,解熱鎮痛剤,6002,6002 解熱鎮痛剤,,False
保健医療,医薬品・健康保持用摂取品,胃腸薬,6012,6012 胃腸薬,060100020,True
保健医療,医薬品・健康保持用摂取品,ビタミン剤,6021,6021 ビタミン剤Ａ,,False
保健医療,医薬品・健康保持用摂取品,ビタミン剤,6022,6022 ビタミン剤Ｂ,,False
保健医療,医薬品・健康保持用摂取品,ドリンク剤,6031,6031 ドリンク剤,,False
保健医療,医薬品・健康保持用摂取品,皮膚病薬,6051,6051 皮膚病薬,060100040,True
保健医療,医薬品・健康保持用摂取品,はり薬,6061,6061 はり薬,,False
保健医療,医薬品・健康保持用摂取品,目薬,6062,6062 目薬,,False
保健医療,医薬品・健康保持用摂取品,漢方薬,6091,6091 漢方薬,,False
保健医療,医薬品・健康保持用摂取品,鼻炎薬,6003,6003 鼻炎薬,,False
保健医療,医薬品・健康保持用摂取品,健康保持用摂取品,6090,6090 健康保持用摂取品Ａ,060200001,True
保健医療,医薬品・健康保持用摂取品,健康保持用摂取品,6094,6094 健康保持用摂取品Ｂ,060200001,True
保健医療,保健医療用品・器具,紙おむつ,6141,6141 紙おむつ（乳幼児用）,060300010,True
保健医療,保健医療用品・器具,紙おむつ,6142,6142 紙おむつ（大人用）,060300010,True
保健医療,保健医療用品・器具,生理用ナプキン,6101,6101 生理用ナプキン,,False
保健医療,保健医療用品・器具,入浴剤,6095,6095 入浴剤,,False
保健医療,保健医療用品・器具,コンタクトレンズ用剤,6181,6181 コンタクトレンズ用剤,060300040,True
保健医療,保健医療用品・器具,マスク,6102,6102 マスク,,False
保健医療,保健医療用品・器具,軽度失禁用品,6182,6182 軽度失禁用品,,False
保健医療,保健医療用品・器具,眼鏡,6121,6121 眼鏡,060300030,True
保健医療,保健医療用品・器具,コンタクトレンズ,6161,6161 コンタクトレンズ,060300040,True
保健医療,保健医療用品・器具,血圧計,6171,6171 血圧計,,False
保健医療,保健医療用品・器具,補聴器,6172,6172 補聴器,,False
保健医療,保健医療用品・器具,サポーター,6173,6173 サポーター,,False
保健医療,保健医療サービス,診療代,6200,6200 診療代,060400010,True
保健医療,保健医療サービス,マッサージ料金,6221,6221 マッサージ料金,060400060,True
保健医療,保健医療サービス,人間ドック受診料,6222,6222 人間ドック受診料,,False
保健医療,保健医療サービス,予防接種料,6223,6223 予防接種料,,False
交通,鉄道運賃,普通運賃,7527,7527 普通運賃（ＪＲ）,,False
交通,鉄道運賃,料金,7528,7528 料金（ＪＲ，在来線）,060400060,True
交通,鉄道運賃,料金,7530,7530 料金（ＪＲ，新幹線）,060400060,True
交通,鉄道運賃,通学定期,7029,7029 通学定期（ＪＲ）,070100020,True
交通,鉄道運賃,通勤定期,7030,7030 通勤定期（ＪＲ）,070100030,True
交通,鉄道運賃,普通運賃,7008,7008 普通運賃（ＪＲ以外）,,False
交通,鉄道運賃,通学定期,7009,7009 通学定期（ＪＲ以外）,070100020,True
交通,鉄道運賃,通勤定期,7010,7010 通勤定期（ＪＲ以外）,070100030,True
交通,他の交通,一般路線バス代,7050,7050 一般路線バス代,070100040,True
交通,他の交通,高速バス代,7057,7057 高速バス代,070100040,True
交通,他の交通,タクシー代,7060,7060 タクシー代,070100070,True
交通,他の交通,航空運賃,7070,7070 航空運賃,070100080,True
交通,有料道路料,高速自動車国道料金,7363,7363 高速自動車国道料金,,False
交通,有料道路料,都市高速道路料金,7364,7364 都市高速道路料金,,False
自動車等関係費,自動車,軽乗用車,7105,7105 軽乗用車,,False
自動車等関係費,自動車,小型乗用車,7106,7106 小型乗用車,,False
自動車等関係費,自動車,普通乗用車,7113,7113 普通乗用車Ａ,,False
自動車等関係費,自動車,普通乗用車,7115,7115 普通乗用車Ｂ,,False
自動車等関係費,自転車,自転車,7201,7201 自転車Ａ,070220001,True
自動車等関係費,自転車,自転車,7202,7202 自転車Ｂ,070220001,True
自動車等関係費,自動車等維持,ガソリン,7301,7301 ガソリン,070230010,True
自動車等関係費,自動車等維持,自動車タイヤ,7311,7311 自動車タイヤ,,False
自動車等関係費,自動車等維持,自動車バッテリー,7312,7312 自動車バッテリー,,False
自動車等関係費,自動車等維持,カーナビゲーション,7313,7313 カーナビゲーション,,False
自動車等関係費,自動車等維持,ドライブレコーダー,7315,7315 ドライブレコーダー,,False
自動車等関係費,自動車等維持,自動車整備費,7331,7331 自動車整備費（定期点検）,070230040,True
自動車等関係費,自動車等維持,自動車整備費,7335,7335 自動車整備費（パンク修理）,070230040,True
自動車等関係費,自動車等維持,自動車オイル交換料,7341,7341 自動車オイル交換料,,False
自動車等関係費,自動車等維持,車庫借料,7342,7342 車庫借料,,False
自動車等関係費,自動車等維持,駐車料金,7343,7343 駐車料金,,False
自動車等関係費,自動車等維持,自動車免許手数料,7351,7351 自動車免許手数料,,False
自動車等関係費,自動車等維持,レンタカー料金,7344,7344 レンタカー料金,,False
自動車等関係費,自動車等維持,洗車代,7347,7347 洗車代,,False
自動車等関係費,自動車等維持,ロードサービス料,7350,7350 ロードサービス料,111100040,True
自動車等関係費,自動車等維持,自動車保険料,7370,7370 自動車保険料（自賠責）,070230110,True
自動車等関係費,自動車等維持,自動車保険料,7390,7390 自動車保険料（任意）,070230110,True
交通・通信,通信,はがき,7401,7401 はがき,,False
交通・通信,通信,封書,7402,7402 封書,,False
交通・通信,通信,通信料,7410,7410 通信料（固定電話）,070300020,True
交通・通信,通信,通信料,7430,7430 通信料（携帯電話）,070300020,True
交通・通信,通信,運送料,7433,7433 運送料,070300040,True
交通・通信,通信,携帯電話機,7446,7446 携帯電話機,070300050,True
教育,授業料等,ＰＴＡ会費,8001,8001 ＰＴＡ会費（小学校）,,False
教育,授業料等,ＰＴＡ会費,8002,8002 ＰＴＡ会費（中学校）,,False
教育,授業料等,中学校授業料,8010,8010 中学校授業料（私立）,,False
教育,授業料等,高等学校授業料,8020,8020 高等学校授業料（公立）,,False
教育,授業料等,高等学校授業料,8030,8030 高等学校授業料（私立）,,False
教育,授業料等,大学授業料,8040,8040 大学授業料（国立）,,False
教育,授業料等,大学授業料,8060,8060 大学授業料（私立）,,False
教育,授業料等,短期大学授業料,8070,8070 短期大学授業料（私立）,,False
教育,授業料等,専修学校授業料,8077,8077 専修学校授業料（私立）,080100100,True
教育,教科書・学習参考教材,教科書,8110,8110 教科書,080200010,True
教育,教科書・学習参考教材,学習参考教材,8100,8100 学習参考教材,080200020,True
教育,補習教育,補習教育,8203,8203 補習教育（小学校）,110900000,True
教育,補習教育,補習教育,8201,8201 補習教育（中学校）,110900000,True
教育,補習教育,補習教育,8204,8204 補習教育（高校・予備校）,110900000,True
教養娯楽,教養娯楽用耐久財,テレビ,9013,9013 テレビ,090100010,True
教養娯楽,教養娯楽用耐久財,ビデオレコーダー,9034,9034 ビデオレコーダー,090100040,True
教養娯楽,教養娯楽用耐久財,パソコン,9078,9078 パソコン（デスクトップ型）,090100050,True
教養娯楽,教養娯楽用耐久財,パソコン,9079,9079 パソコン（ノート型）,090100050,True
教養娯楽,教養娯楽用耐久財,タブレット端末,9080,9080 タブレット端末,,False
教養娯楽,教養娯楽用耐久財,プリンタ,9081,9081 プリンタ,010800070,True
教養娯楽,教養娯楽用耐久財,カメラ,9043,9043 カメラ,090100060,True
教養娯楽,教養娯楽用耐久財,ピアノ,9051,9051 ピアノ,,False
教養娯楽,教養娯楽用耐久財,学習用机,9061,9061 学習用机,090100090,True
教養娯楽用品,文房具,ボールペン,9111,9111 ボールペン,,False
教養娯楽用品,文房具,ノートブック,9121,9121 ノートブック,,False
教養娯楽用品,文房具,はさみ,9129,9129 はさみ,,False
教養娯楽用品,運動用具類,ゴルフクラブ,9142,9142 ゴルフクラブ,,False
教養娯楽用品,運動用具類,グローブ,9141,9141 グローブ,,False
教養娯楽用品,運動用具類,テニスラケット,9143,9143 テニスラケット,,False
教養娯楽用品,運動用具類,釣ざお,9144,9144 釣ざお,,False
教養娯楽用品,運動用具類,トレーニングパンツ,9145,9145 トレーニングパンツ,,False
教養娯楽用品,運動用具類,水着,9149,9149 水着,,False
教養娯楽用品,運動用具類,競技用靴,9140,9140 競技用靴,,False
教養娯楽用品,玩具,家庭用ゲーム機,9154,9154 家庭用ゲーム機,090203010,True
教養娯楽用品,玩具,ゲームソフト,9156,9156 ゲームソフト,090203150,True
教養娯楽用品,玩具,人形,9151,9151 人形,,False
教養娯楽用品,玩具,玩具自動車,9152,9152 玩具自動車,,False
教養娯楽用品,玩具,組立玩具,9153,9153 組立玩具,,False
教養娯楽用品,切り花,切り花,9181,9181 切り花（カーネーション）,090203060,True
教養娯楽用品,切り花,切り花,9182,9182 切り花（きく）,090203060,True
教養娯楽用品,切り花,切り花,9183,9183 切り花（バラ）,090203060,True
教養娯楽用品,他の教養娯楽用品,メモリーカード,9199,9199 メモリーカード,,False
教養娯楽用品,他の教養娯楽用品,コンパクトディスク,9172,9172 コンパクトディスク,,False
教養娯楽用品,他の教養娯楽用品,ビデオソフト,9174,9174 ビデオソフト,,False
教養娯楽用品,他の教養娯楽用品,ペットフード,9193,9193 ペットフード（ドッグフード）,090204030,True
教養娯楽用品,他の教養娯楽用品,ペットフード,9196,9196 ペットフード（キャットフード）,090204030,True
教養娯楽用品,他の教養娯楽用品,ペットトイレ用品,9185,9185 ペットトイレ用品,,False
教養娯楽用品,他の教養娯楽用品,鉢植え,9184,9184 鉢植え,,False
教養娯楽用品,他の教養娯楽用品,園芸用土,9190,9190 園芸用土,,False
教養娯楽用品,他の教養娯楽用品,園芸用肥料,9189,9189 園芸用肥料,,False
教養娯楽用品,他の教養娯楽用品,電池,9195,9195 電池,090204080,True
教養娯楽用品,他の教養娯楽用品,プリンタ用インク,9128,9128 プリンタ用インク,010800070,True
書籍・他の印刷物,新聞代,新聞代,9204,9204 新聞代（地方・ブロック紙）,090300010,True
書籍・他の印刷物,新聞代,新聞代,9205,9205 新聞代（全国紙）,090300010,True
書籍・他の印刷物,雑誌,月刊誌,9226,9226 月刊誌,,False
書籍・他の印刷物,雑誌,週刊誌,9230,9230 週刊誌,,False
書籍・他の印刷物,書籍,単行本,9261,9261 単行本Ａ,,False
書籍・他の印刷物,書籍,単行本,9263,9263 単行本Ｂ,,False
教養娯楽サービス,宿泊料,宿泊料,9300,9300 宿泊料,090410001,True
教養娯楽サービス,パック旅行費,外国パック旅行費,9305,9305 外国パック旅行費,090420020,True
教養娯楽サービス,月謝類,講習料,9328,9328 講習料（英会話）,,False
教養娯楽サービス,月謝類,講習料,9329,9329 講習料（書道）,,False
教養娯楽サービス,月謝類,講習料,9326,9326 講習料（音楽）,,False
教養娯楽サービス,月謝類,講習料,9319,9319 講習料（ダンス）,,False
教養娯楽サービス,月謝類,講習料,9313,9313 講習料（水泳）,,False
教養娯楽サービス,月謝類,講習料,9343,9343 講習料（体育）,,False
教養娯楽サービス,月謝類,自動車教習料,9320,9320 自動車教習料,090430060,True
他の教養娯楽サービス,放送受信料,放送受信料,9330,9330 放送受信料（ＮＨＫ）,090441000,True
他の教養娯楽サービス,放送受信料,放送受信料,9368,9368 放送受信料（ケーブル）,090441000,True
他の教養娯楽サービス,放送受信料,放送受信料,9367,9367 放送受信料（ＮＨＫ・ケーブル以外）,090441000,True
他の教養娯楽サービス,入場・観覧・ゲーム代,映画観覧料,9341,9341 映画観覧料,,False
他の教養娯楽サービス,入場・観覧・ゲーム代,演劇観覧料,9342,9342 演劇観覧料,,False
他の教養娯楽サービス,入場・観覧・ゲーム代,サッカー観覧料,9345,9345 サッカー観覧料,,False
他の教養娯楽サービス,入場・観覧・ゲーム代,プロ野球観覧料,9350,9350 プロ野球観覧料,,False
他の教養娯楽サービス,入場・観覧・ゲーム代,ゴルフ練習料金,9353,9353 ゴルフ練習料金,,False
他の教養娯楽サービス,入場・観覧・ゲーム代,ゴルフプレー料金,9357,9357 ゴルフプレー料金,090442030,True
他の教養娯楽サービス,入場・観覧・ゲーム代,ボウリングゲーム代,9361,9361 ボウリングゲーム代,,False
他の教養娯楽サービス,入場・観覧・ゲーム代,プール使用料,9359,9359 プール使用料,,False
他の教養娯楽サービス,入場・観覧・ゲーム代,フィットネスクラブ使用料,9362,9362 フィットネスクラブ使用料,,False
他の教養娯楽サービス,入場・観覧・ゲーム代,文化施設入場料,9374,9374 文化施設入場料,090442060,True
他の教養娯楽サービス,入場・観覧・ゲーム代,テーマパーク入場料,9372,9372 テーマパーク入場料,,False
他の教養娯楽サービス,入場・観覧・ゲーム代,カラオケルーム使用料,9395,9395 カラオケルーム使用料,,False
他の教養娯楽サービス,他の娯楽サービス,写真撮影代,9381,9381 写真撮影代,,False
他の教養娯楽サービス,他の娯楽サービス,ビデオソフトレンタル料,9391,9391 ビデオソフトレンタル料,,False
他の教養娯楽サービス,他の娯楽サービス,インターネット接続料,9397,9397 インターネット接続料,090442120,True
他の教養娯楽サービス,他の娯楽サービス,ウェブコンテンツ利用料,9403,9403 ウェブコンテンツ利用料,,False
他の教養娯楽サービス,他の娯楽サービス,獣医代,9396,9396 獣医代,,False
他の教養娯楽サービス,他の娯楽サービス,ペット美容院代,9188,9188 ペット美容院代,,False
諸雑費,理美容サービス,入浴料,9504,9504 入浴料,100110010,True
諸雑費,理美容サービス,理髪料,9511,9511 理髪料,100110020,True
諸雑費,理美容サービス,パーマネント代,9521,9521 パーマネント代,100110030,True
諸雑費,理美容サービス,カット代,9531,9531 カット代,100110040,True
諸雑費,理美容サービス,ヘアカラーリング代,9532,9532 ヘアカラーリング代,,False
諸雑費,理美容サービス,エステティック料金,9505,9505 エステティック料金,,False
理美容用品,理容器具,電気かみそり,9602,9602 電気かみそり,010720030,True
理美容用品,理容器具,歯ブラシ,9611,9611 歯ブラシ,100120020,True
理美容用品,石けん類,手洗い用石けん,9621,9621 手洗い用石けん,,False
理美容用品,石けん類,ボディーソープ,9626,9626 ボディーソープ,,False
理美容用品,石けん類,洗顔料,9627,9627 洗顔料,,False
理美容用品,石けん類,クレンジング,9628,9628 クレンジング,,False
理美容用品,石けん類,シャンプー,9622,9622 シャンプー,100121060,True
理美容用品,石けん類,ヘアコンディショナー,9624,9624 ヘアコンディショナー,100121070,True
理美容用品,石けん類,歯磨き,9623,9623 歯磨き,100121080,True
理美容用品,化粧品,整髪料,9631,9631 整髪料,,False
理美容用品,化粧品,養毛剤,9641,9641 養毛剤,100121090,True
理美容用品,化粧品,化粧クリーム,9650,9650 化粧クリームＡ,100121100,True
理美容用品,化粧品,化粧クリーム,9652,9652 化粧クリームＢ,100121100,True
理美容用品,化粧品,化粧水,9660,9660 化粧水Ａ,100121110,True
理美容用品,化粧品,化粧水,9661,9661 化粧水Ｂ,100121110,True
理美容用品,化粧品,乳液,9690,9690 乳液Ａ,100121120,True
理美容用品,化粧品,乳液,9692,9692 乳液Ｂ,100121120,True
理美容用品,化粧品,ファンデーション,9670,9670 ファンデーションＡ,100121130,True
理美容用品,化粧品,ファンデーション,9672,9672 ファンデーションＢ,100121130,True
理美容用品,化粧品,口紅,9680,9680 口紅Ａ,100121140,True
理美容用品,化粧品,口紅,9682,9682 口紅Ｂ,100121140,True
理美容用品,化粧品,ヘアカラーリング剤,9625,9625 ヘアカラーリング剤,100121150,True
理美容用品,化粧品,美容液,9693,9693 美容液,,False
身の回り用品,かばん類,バッグ,9721,9721 バッグＡ,100132010,True
身の回り用品,かばん類,バッグ,9722,9722 バッグＢ,100132010,True
身の回り用品,かばん類,通学用かばん,9711,9711 通学用かばん,100132020,True
身の回り用品,かばん類,旅行用かばん,9731,9731 旅行用かばん,100132030,True
身の回り用品,腕時計・指輪,指輪,9741,9741 指輪,,False
身の回り用品,腕時計・指輪,腕時計,9751,9751 腕時計,100133020,True
身の回り用品,他の身の回り用品,傘,9701,9701 傘,100131010,True
身の回り用品,他の身の回り用品,ハンカチーフ,9761,9761 ハンカチーフ,,False
諸雑費,たばこ,たばこ,9799,9799 たばこ（国産品）,100140001,True
諸雑費,たばこ,たばこ,9798,9798 たばこ（輸入品）,100140001,True
諸雑費,他の諸雑費,葬儀料,9960,9960 葬儀料,,False
諸雑費,他の諸雑費,傷害保険料,9928,9928 傷害保険料,,False
諸雑費,他の諸雑費,保育所保育料,9921,9921 保育所保育料,,False
諸雑費,他の諸雑費,学童保育料,9951,9951 学童保育料,,False
諸雑費,他の諸雑費,介護料,9914,9914 介護料,,False
諸雑費,他の諸雑費,行政証明書手数料,9901,9901 行政証明書手数料,,False
諸雑費,他の諸雑費,パスポート取得料,9912,9912 パスポート取得料,,False
諸雑費,他の諸雑費,振込手数料,9920,9920 振込手数料,,False
諸雑費,他の諸雑費,警備料,9931,9931 警備料,,False
